context,number,percs
both,37,0.178743961352657
group,157,0.7584541062801933
solitary,13,0.06280193236714976
