location,number,percs
farm,2,0.0091324200913242
field,102,0.4657534246575342
lab,89,0.4063926940639269
zoo,33,0.1506849315068493
private,3,0.0136986301369863
unclear,2,0.0091324200913242
