location,number,percs
farm,2,0.00909090909090909
field,102,0.4636363636363636
lab,89,0.40454545454545454
zoo,33,0.15
private,3,0.013636363636363636
unclear,2,0.00909090909090909
